model,initial (clean),assignment number,billing number,partner name,deduction ≤ $0.1
gpt-4o-2024-08-06,0.977886977886978,0.917910447761194,0.8956228956228955,0.532608695652174,0.9657794676806083
